{
  "input": {
    "shape": [
      1,
      3,
      512,
      512
    ],
    "min": 0.0,
    "max": 1.0,
    "mean": 0.681059718132019
  },
  "edited": {
    "shape": [
      1,
      3,
      512,
      512
    ],
    "min": -1.2064791917800903,
    "max": 1.0385081768035889,
    "mean": 0.3505517244338989
  }
}