{
  "input": {
    "shape": [
      1,
      3,
      512,
      512
    ],
    "min": 0.0,
    "max": 1.0,
    "mean": 0.681059718132019
  },
  "initial_edit": {
    "shape": [
      1,
      3,
      320,
      320
    ],
    "min": -1.1796875,
    "max": 1.146484375,
    "mean": 0.3541826605796814
  }
}