{
  "input": {
    "shape": [
      1,
      3,
      512,
      512
    ],
    "min": 0.0,
    "max": 1.0,
    "mean": 0.6525959968566895
  },
  "edited": {
    "shape": [
      1,
      3,
      512,
      512
    ],
    "min": -1.1012368202209473,
    "max": 1.072289228439331,
    "mean": 0.2923496663570404
  }
}