{
  "proxy": {
    "shape": [
      1,
      3,
      512,
      512
    ],
    "min": 0.003921568859368563,
    "max": 0.9960784316062927,
    "mean": 0.7801595330238342
  },
  "edit_weight": {
    "shape": [
      1,
      1,
      512,
      512
    ],
    "min": 0.0,
    "max": 0.9375237226486206,
    "mean": 0.09652067720890045
  },
  "preserve_weight": {
    "shape": [
      1,
      1,
      512,
      512
    ],
    "min": 0.0,
    "max": 0.949300229549408,
    "mean": 0.27421653270721436
  },
  "latent_edit_weight": {
    "shape": [
      1,
      1,
      40,
      40
    ],
    "min": 0.0004272746737115085,
    "max": 0.9346917271614075,
    "mean": 0.09590257704257965
  },
  "latent_preserve_weight": {
    "shape": [
      1,
      1,
      40,
      40
    ],
    "min": 0.0,
    "max": 0.8198152780532837,
    "mean": 0.2743951976299286
  },
  "latent_edit_mass": {
    "shape": [
      1,
      1,
      1,
      1
    ],
    "min": 0.09590257704257965,
    "max": 0.09590257704257965,
    "mean": 0.09590257704257965
  },
  "latent_preserve_mass": {
    "shape": [
      1,
      1,
      1,
      1
    ],
    "min": 0.2743951976299286,
    "max": 0.2743951976299286,
    "mean": 0.2743951976299286
  },
  "adaptive_edit_scale": {
    "shape": [
      1,
      1,
      1,
      1
    ],
    "min": 1.0,
    "max": 1.0,
    "mean": 1.0
  },
  "adaptive_preserve_scale": {
    "shape": [
      1,
      1,
      1,
      1
    ],
    "min": 1.0,
    "max": 1.0,
    "mean": 1.0
  },
  "mode_velocity_guidance": 1.0
}