{
  "proxy": {
    "shape": [
      1,
      3,
      512,
      512
    ],
    "min": 0.43921568989753723,
    "max": 0.9921568632125854,
    "mean": 0.8324787020683289
  },
  "edit_weight": {
    "shape": [
      1,
      1,
      512,
      512
    ],
    "min": 0.0,
    "max": 0.14916639029979706,
    "mean": 0.021457528695464134
  },
  "preserve_weight": {
    "shape": [
      1,
      1,
      512,
      512
    ],
    "min": 0.0,
    "max": 0.969744861125946,
    "mean": 0.19156774878501892
  },
  "latent_edit_weight": {
    "shape": [
      1,
      1,
      40,
      40
    ],
    "min": 0.0003618573537096381,
    "max": 0.14592403173446655,
    "mean": 0.021438296884298325
  },
  "latent_preserve_weight": {
    "shape": [
      1,
      1,
      40,
      40
    ],
    "min": 0.0,
    "max": 0.7998263835906982,
    "mean": 0.19202899932861328
  },
  "latent_edit_mass": {
    "shape": [
      1,
      1,
      1,
      1
    ],
    "min": 0.021438296884298325,
    "max": 0.021438296884298325,
    "mean": 0.021438296884298325
  },
  "latent_preserve_mass": {
    "shape": [
      1,
      1,
      1,
      1
    ],
    "min": 0.19202899932861328,
    "max": 0.19202899932861328,
    "mean": 0.19202899932861328
  },
  "adaptive_edit_scale": {
    "shape": [
      1,
      1,
      1,
      1
    ],
    "min": 1.0,
    "max": 1.0,
    "mean": 1.0
  },
  "adaptive_preserve_scale": {
    "shape": [
      1,
      1,
      1,
      1
    ],
    "min": 1.0,
    "max": 1.0,
    "mean": 1.0
  },
  "mode_velocity_guidance": 1.0
}