{
  "proxy": {
    "shape": [
      1,
      3,
      512,
      512
    ],
    "min": 0.003921568859368563,
    "max": 0.9960784316062927,
    "mean": 0.8214368224143982
  },
  "edit_weight": {
    "shape": [
      1,
      1,
      512,
      512
    ],
    "min": 0.0,
    "max": 0.9971439838409424,
    "mean": 0.06494426727294922
  },
  "preserve_weight": {
    "shape": [
      1,
      1,
      512,
      512
    ],
    "min": 0.0,
    "max": 0.9292061924934387,
    "mean": 0.22903987765312195
  },
  "latent_edit_weight": {
    "shape": [
      1,
      1,
      40,
      40
    ],
    "min": 0.00040943792555481195,
    "max": 0.9731980562210083,
    "mean": 0.06512346863746643
  },
  "latent_preserve_weight": {
    "shape": [
      1,
      1,
      40,
      40
    ],
    "min": 0.0,
    "max": 0.7164140343666077,
    "mean": 0.2285504788160324
  },
  "latent_edit_mass": {
    "shape": [
      1,
      1,
      1,
      1
    ],
    "min": 0.06512346863746643,
    "max": 0.06512346863746643,
    "mean": 0.06512346863746643
  },
  "latent_preserve_mass": {
    "shape": [
      1,
      1,
      1,
      1
    ],
    "min": 0.2285504788160324,
    "max": 0.2285504788160324,
    "mean": 0.2285504788160324
  },
  "adaptive_edit_scale": {
    "shape": [
      1,
      1,
      1,
      1
    ],
    "min": 1.0,
    "max": 1.0,
    "mean": 1.0
  },
  "adaptive_preserve_scale": {
    "shape": [
      1,
      1,
      1,
      1
    ],
    "min": 1.0,
    "max": 1.0,
    "mean": 1.0
  },
  "mode_velocity_guidance": 1.0
}