{
  "gt": {
    "shape": [
      1,
      3,
      512,
      512
    ],
    "min": 0.0,
    "max": 1.0,
    "mean": 0.6061758399009705
  },
  "reprojected": {
    "shape": [
      1,
      3,
      512,
      512
    ],
    "min": 0.0,
    "max": 0.0,
    "mean": 0.0
  },
  "proxy_rgb": {
    "shape": [
      1,
      3,
      512,
      512
    ],
    "min": 0.0,
    "max": 0.0,
    "mean": 0.0
  },
  "mask": {
    "shape": [
      1,
      512,
      512
    ],
    "min": 0.0,
    "max": 1.0,
    "mean": 0.13274383544921875
  },
  "mf_cond": {
    "shape": [
      1,
      3,
      512,
      512
    ],
    "min": -1.0544242858886719,
    "max": 1.1025303602218628,
    "mean": 0.5579625964164734
  },
  "mfg_output": {
    "shape": [
      1,
      3,
      512,
      512
    ],
    "min": -1.0444625616073608,
    "max": 0.965684175491333,
    "mean": 0.20949921011924744
  },
  "meta": {
    "mfg_mode": "frontier_seed1",
    "mfg_backfill": "nearest",
    "frontier_anchor_idx": 0,
    "source_indices": [
      0,
      0,
      0,
      0,
      0
    ],
    "selected_source_indices": [
      0,
      1,
      2
    ],
    "frontier_fallback_enabled": true,
    "frontier_fallback_triggered": true,
    "frontier_proxy_mean": 0.0,
    "frontier_proxy_std": 0.0,
    "frontier_proxy_coverage": 0.13274383544921875
  }
}