{
  "input": {
    "shape": [
      1,
      3,
      512,
      512
    ],
    "min": 0.0,
    "max": 1.0,
    "mean": 0.6061758399009705
  },
  "initial_edit": {
    "shape": [
      1,
      3,
      320,
      320
    ],
    "min": -1.20703125,
    "max": 1.08203125,
    "mean": 0.20725592970848083
  }
}