{
  "proxy": {
    "shape": [
      1,
      3,
      512,
      512
    ],
    "min": 0.0,
    "max": 0.9960784316062927,
    "mean": 0.8233593106269836
  },
  "edit_weight": {
    "shape": [
      1,
      1,
      512,
      512
    ],
    "min": 0.0,
    "max": 0.9946121573448181,
    "mean": 0.041238728910684586
  },
  "preserve_weight": {
    "shape": [
      1,
      1,
      512,
      512
    ],
    "min": 0.0,
    "max": 0.8870179653167725,
    "mean": 0.22641420364379883
  },
  "latent_edit_weight": {
    "shape": [
      1,
      1,
      40,
      40
    ],
    "min": 9.738664084579796e-05,
    "max": 0.9302151203155518,
    "mean": 0.04059446603059769
  },
  "latent_preserve_weight": {
    "shape": [
      1,
      1,
      40,
      40
    ],
    "min": 0.0,
    "max": 0.7639346122741699,
    "mean": 0.22724875807762146
  },
  "latent_edit_mass": {
    "shape": [
      1,
      1,
      1,
      1
    ],
    "min": 0.04059446603059769,
    "max": 0.04059446603059769,
    "mean": 0.04059446603059769
  },
  "latent_preserve_mass": {
    "shape": [
      1,
      1,
      1,
      1
    ],
    "min": 0.22724875807762146,
    "max": 0.22724875807762146,
    "mean": 0.22724875807762146
  },
  "adaptive_edit_scale": {
    "shape": [
      1,
      1,
      1,
      1
    ],
    "min": 1.0,
    "max": 1.0,
    "mean": 1.0
  },
  "adaptive_preserve_scale": {
    "shape": [
      1,
      1,
      1,
      1
    ],
    "min": 1.0,
    "max": 1.0,
    "mean": 1.0
  },
  "mode_velocity_guidance": 1.0
}