{
  "gt": {
    "shape": [
      1,
      3,
      512,
      512
    ],
    "min": 0.0,
    "max": 1.0,
    "mean": 0.681059718132019
  },
  "reprojected": {
    "shape": [
      1,
      3,
      512,
      512
    ],
    "min": 0.0,
    "max": 0.0,
    "mean": 0.0
  },
  "proxy_rgb": {
    "shape": [
      1,
      3,
      512,
      512
    ],
    "min": 0.0,
    "max": 0.0,
    "mean": 0.0
  },
  "mask": {
    "shape": [
      1,
      512,
      512
    ],
    "min": 0.0,
    "max": 1.0,
    "mean": 0.07077407836914062
  },
  "mf_cond": {
    "shape": [
      1,
      3,
      512,
      512
    ],
    "min": -1.0797597169876099,
    "max": 1.1074663400650024,
    "mean": 0.6539480686187744
  },
  "mfg_output": {
    "shape": [
      1,
      3,
      512,
      512
    ],
    "min": -1.1596211194992065,
    "max": 1.047261118888855,
    "mean": 0.35190245509147644
  },
  "meta": {
    "mfg_mode": "frontier_seed1",
    "mfg_backfill": "nearest",
    "frontier_anchor_idx": 0,
    "source_indices": [
      0,
      0,
      0,
      0,
      0
    ],
    "selected_source_indices": [
      0,
      1,
      2
    ],
    "frontier_fallback_enabled": true,
    "frontier_fallback_triggered": true,
    "frontier_proxy_mean": 0.0,
    "frontier_proxy_std": 0.0,
    "frontier_proxy_coverage": 0.07077407836914062
  }
}