{
  "source": {
    "shape": [
      1,
      3,
      512,
      512
    ],
    "min": 0.0,
    "max": 1.0,
    "mean": 0.6061758399009705
  },
  "mf_cond": {
    "shape": [
      1,
      3,
      512,
      512
    ],
    "min": -1.0800944566726685,
    "max": 1.1073750257492065,
    "mean": 0.5580135583877563
  },
  "proxy_rgb": {
    "shape": [
      1,
      3,
      512,
      512
    ],
    "min": 0.0021278499625623226,
    "max": 0.9990770816802979,
    "mean": 0.7817938327789307
  },
  "geo_weight": {
    "shape": [
      1,
      1,
      512,
      512
    ],
    "min": 6.046031558071263e-05,
    "max": 0.9998993873596191,
    "mean": 0.4738624095916748
  },
  "edit_mask": {
    "shape": [
      1,
      1,
      512,
      512
    ],
    "min": 0.0012296689674258232,
    "max": 1.0,
    "mean": 0.2848932147026062
  },
  "support_mask": {
    "shape": [
      1,
      1,
      512,
      512
    ],
    "min": 0.0,
    "max": 1.0,
    "mean": 0.13274383544921875
  },
  "edit_ratio": {
    "shape": [
      1,
      1,
      512,
      512
    ],
    "min": 6.148344982648268e-05,
    "max": 1.0,
    "mean": 0.09543854743242264
  },
  "preserve_ratio": {
    "shape": [
      1,
      1,
      512,
      512
    ],
    "min": 0.0,
    "max": 0.9987703561782837,
    "mean": 0.6985599994659424
  },
  "edit_weight": {
    "shape": [
      1,
      1,
      512,
      512
    ],
    "min": 1.968317775435935e-07,
    "max": 0.9580224752426147,
    "mean": 0.0760851725935936
  },
  "preserve_weight": {
    "shape": [
      1,
      1,
      512,
      512
    ],
    "min": 0.0,
    "max": 0.9317300319671631,
    "mean": 0.2891969084739685
  }
}