{
  "input": {
    "shape": [
      1,
      3,
      512,
      512
    ],
    "min": 0.0,
    "max": 1.0,
    "mean": 0.681059718132019
  },
  "edited": {
    "shape": [
      1,
      3,
      512,
      512
    ],
    "min": -1.2061052322387695,
    "max": 1.028502345085144,
    "mean": 0.3502216339111328
  }
}