{
  "proxy": {
    "shape": [
      1,
      3,
      512,
      512
    ],
    "min": 0.4313725531101227,
    "max": 0.9725490212440491,
    "mean": 0.6915495991706848
  },
  "edit_weight": {
    "shape": [
      1,
      1,
      512,
      512
    ],
    "min": 6.37799075775547e-07,
    "max": 0.8262179493904114,
    "mean": 0.10359188169240952
  },
  "preserve_weight": {
    "shape": [
      1,
      1,
      512,
      512
    ],
    "min": 0.0,
    "max": 0.9736747741699219,
    "mean": 0.28282028436660767
  },
  "latent_edit_weight": {
    "shape": [
      1,
      1,
      40,
      40
    ],
    "min": 0.00021711787849199027,
    "max": 0.8017191290855408,
    "mean": 0.10429809242486954
  },
  "latent_preserve_weight": {
    "shape": [
      1,
      1,
      40,
      40
    ],
    "min": 0.0,
    "max": 0.7323185205459595,
    "mean": 0.2824225425720215
  },
  "latent_edit_mass": {
    "shape": [
      1,
      1,
      1,
      1
    ],
    "min": 0.10429809242486954,
    "max": 0.10429809242486954,
    "mean": 0.10429809242486954
  },
  "latent_preserve_mass": {
    "shape": [
      1,
      1,
      1,
      1
    ],
    "min": 0.2824225425720215,
    "max": 0.2824225425720215,
    "mean": 0.2824225425720215
  },
  "adaptive_edit_scale": {
    "shape": [
      1,
      1,
      1,
      1
    ],
    "min": 1.0,
    "max": 1.0,
    "mean": 1.0
  },
  "adaptive_preserve_scale": {
    "shape": [
      1,
      1,
      1,
      1
    ],
    "min": 1.0,
    "max": 1.0,
    "mean": 1.0
  },
  "mode_velocity_guidance": 1.0
}