{
  "gt": {
    "shape": [
      1,
      3,
      512,
      512
    ],
    "min": 0.0,
    "max": 1.0,
    "mean": 0.6525959968566895
  },
  "initial_edit": {
    "shape": [
      1,
      3,
      512,
      512
    ],
    "min": -1.5292812585830688,
    "max": 1.2055317163467407,
    "mean": -0.10987448692321777
  },
  "gt_mask": {
    "shape": [
      1,
      512,
      512
    ],
    "min": 0.0,
    "max": 1.0,
    "mean": 0.0867462158203125
  },
  "mfg_output": {
    "shape": [
      1,
      3,
      512,
      512
    ],
    "min": -1.5292812585830688,
    "max": 1.2055317163467407,
    "mean": -0.10987448692321777
  },
  "meta": {
    "mfg_mode": "frontier_seed1",
    "frontier_role": "anchor",
    "frontier_anchor_idx": 0,
    "source_indices": [
      0
    ]
  }
}