{
  "proxy": {
    "shape": [
      1,
      3,
      512,
      512
    ],
    "min": 0.03529411926865578,
    "max": 0.9960784316062927,
    "mean": 0.8082405924797058
  },
  "edit_weight": {
    "shape": [
      1,
      1,
      512,
      512
    ],
    "min": 4.720745891972911e-06,
    "max": 0.7110390663146973,
    "mean": 0.03822143375873566
  },
  "preserve_weight": {
    "shape": [
      1,
      1,
      512,
      512
    ],
    "min": 0.0,
    "max": 0.9010177254676819,
    "mean": 0.2563461661338806
  },
  "latent_edit_weight": {
    "shape": [
      1,
      1,
      40,
      40
    ],
    "min": 0.00020193963428027928,
    "max": 0.6925173997879028,
    "mean": 0.03819135203957558
  },
  "latent_preserve_weight": {
    "shape": [
      1,
      1,
      40,
      40
    ],
    "min": 0.0,
    "max": 0.7615088820457458,
    "mean": 0.2584817707538605
  },
  "latent_edit_mass": {
    "shape": [
      1,
      1,
      1,
      1
    ],
    "min": 0.03819135203957558,
    "max": 0.03819135203957558,
    "mean": 0.03819135203957558
  },
  "latent_preserve_mass": {
    "shape": [
      1,
      1,
      1,
      1
    ],
    "min": 0.2584817707538605,
    "max": 0.2584817707538605,
    "mean": 0.2584817707538605
  },
  "adaptive_edit_scale": {
    "shape": [
      1,
      1,
      1,
      1
    ],
    "min": 1.0,
    "max": 1.0,
    "mean": 1.0
  },
  "adaptive_preserve_scale": {
    "shape": [
      1,
      1,
      1,
      1
    ],
    "min": 1.0,
    "max": 1.0,
    "mean": 1.0
  },
  "mode_velocity_guidance": 1.0
}