{
  "proxy": {
    "shape": [
      1,
      3,
      512,
      512
    ],
    "min": 0.03529411926865578,
    "max": 0.9960784316062927,
    "mean": 0.8083315491676331
  },
  "edit_weight": {
    "shape": [
      1,
      1,
      512,
      512
    ],
    "min": 4.644249656848842e-06,
    "max": 0.7130594253540039,
    "mean": 0.0382368303835392
  },
  "preserve_weight": {
    "shape": [
      1,
      1,
      512,
      512
    ],
    "min": 0.0,
    "max": 0.9003131985664368,
    "mean": 0.2560129761695862
  },
  "latent_edit_weight": {
    "shape": [
      1,
      1,
      40,
      40
    ],
    "min": 0.00019804084149654955,
    "max": 0.6940838098526001,
    "mean": 0.03821893781423569
  },
  "latent_preserve_weight": {
    "shape": [
      1,
      1,
      40,
      40
    ],
    "min": 0.0,
    "max": 0.7622302174568176,
    "mean": 0.2581482529640198
  },
  "latent_edit_mass": {
    "shape": [
      1,
      1,
      1,
      1
    ],
    "min": 0.03821893781423569,
    "max": 0.03821893781423569,
    "mean": 0.03821893781423569
  },
  "latent_preserve_mass": {
    "shape": [
      1,
      1,
      1,
      1
    ],
    "min": 0.2581482529640198,
    "max": 0.2581482529640198,
    "mean": 0.2581482529640198
  },
  "adaptive_edit_scale": {
    "shape": [
      1,
      1,
      1,
      1
    ],
    "min": 1.0,
    "max": 1.0,
    "mean": 1.0
  },
  "adaptive_preserve_scale": {
    "shape": [
      1,
      1,
      1,
      1
    ],
    "min": 1.0,
    "max": 1.0,
    "mean": 1.0
  },
  "mode_velocity_guidance": 1.0
}