{
  "source": {
    "shape": [
      1,
      3,
      512,
      512
    ],
    "min": 0.0,
    "max": 1.0,
    "mean": 0.681059718132019
  },
  "mf_cond": {
    "shape": [
      1,
      3,
      512,
      512
    ],
    "min": 0.0,
    "max": 1.0,
    "mean": 0.6684467196464539
  },
  "proxy_rgb": {
    "shape": [
      1,
      3,
      512,
      512
    ],
    "min": 0.00031036650761961937,
    "max": 0.9920546412467957,
    "mean": 0.6659862995147705
  },
  "geo_weight": {
    "shape": [
      1,
      1,
      512,
      512
    ],
    "min": 0.0008953596116043627,
    "max": 0.9997500777244568,
    "mean": 0.3290548324584961
  },
  "edit_mask": {
    "shape": [
      1,
      1,
      512,
      512
    ],
    "min": 0.0006001940346322954,
    "max": 1.0,
    "mean": 0.3145909905433655
  },
  "support_mask": {
    "shape": [
      1,
      1,
      512,
      512
    ],
    "min": 0.0,
    "max": 1.0,
    "mean": 0.01660919189453125
  },
  "edit_ratio": {
    "shape": [
      1,
      1,
      512,
      512
    ],
    "min": 9.00291051948443e-05,
    "max": 0.8498234152793884,
    "mean": 0.049646392464637756
  },
  "preserve_ratio": {
    "shape": [
      1,
      1,
      512,
      512
    ],
    "min": 0.0,
    "max": 0.9993997812271118,
    "mean": 0.680607795715332
  },
  "edit_weight": {
    "shape": [
      1,
      1,
      512,
      512
    ],
    "min": 5.692402737622615e-06,
    "max": 0.1482628434896469,
    "mean": 0.021918393671512604
  },
  "preserve_weight": {
    "shape": [
      1,
      1,
      512,
      512
    ],
    "min": 0.0,
    "max": 0.958690881729126,
    "mean": 0.18362942337989807
  }
}