{
  "source": {
    "shape": [
      1,
      3,
      512,
      512
    ],
    "min": 0.0,
    "max": 1.0,
    "mean": 0.681059718132019
  },
  "mf_cond": {
    "shape": [
      1,
      3,
      512,
      512
    ],
    "min": -1.053739309310913,
    "max": 1.1021558046340942,
    "mean": 0.65389484167099
  },
  "proxy_rgb": {
    "shape": [
      1,
      3,
      512,
      512
    ],
    "min": 0.002781269606202841,
    "max": 0.9971279501914978,
    "mean": 0.825100302696228
  },
  "geo_weight": {
    "shape": [
      1,
      1,
      512,
      512
    ],
    "min": 0.0,
    "max": 0.999841570854187,
    "mean": 0.3732725977897644
  },
  "edit_mask": {
    "shape": [
      1,
      1,
      512,
      512
    ],
    "min": 0.0007543624378740788,
    "max": 1.0,
    "mean": 0.30542710423469543
  },
  "support_mask": {
    "shape": [
      1,
      1,
      512,
      512
    ],
    "min": 0.0,
    "max": 1.0,
    "mean": 0.07077407836914062
  },
  "edit_ratio": {
    "shape": [
      1,
      1,
      512,
      512
    ],
    "min": 0.0001222067221533507,
    "max": 1.0,
    "mean": 0.0937592089176178
  },
  "preserve_ratio": {
    "shape": [
      1,
      1,
      512,
      512
    ],
    "min": 0.0,
    "max": 0.9492833614349365,
    "mean": 0.6536451578140259
  },
  "edit_weight": {
    "shape": [
      1,
      1,
      512,
      512
    ],
    "min": 0.0,
    "max": 0.999841570854187,
    "mean": 0.05853508412837982
  },
  "preserve_weight": {
    "shape": [
      1,
      1,
      512,
      512
    ],
    "min": 0.0,
    "max": 0.8393559455871582,
    "mean": 0.20195060968399048
  }
}