{
  "source": {
    "shape": [
      1,
      3,
      512,
      512
    ],
    "min": 0.0,
    "max": 1.0,
    "mean": 0.6355091333389282
  },
  "mf_cond": {
    "shape": [
      1,
      3,
      512,
      512
    ],
    "min": 0.0,
    "max": 1.0,
    "mean": 0.623988687992096
  },
  "proxy_rgb": {
    "shape": [
      1,
      3,
      512,
      512
    ],
    "min": 7.664458826184273e-05,
    "max": 0.9820694327354431,
    "mean": 0.6253798007965088
  },
  "geo_weight": {
    "shape": [
      1,
      1,
      512,
      512
    ],
    "min": 2.7137448341818526e-05,
    "max": 0.9997990131378174,
    "mean": 0.34463486075401306
  },
  "edit_mask": {
    "shape": [
      1,
      1,
      512,
      512
    ],
    "min": 0.0014807704137638211,
    "max": 1.0,
    "mean": 0.31307876110076904
  },
  "support_mask": {
    "shape": [
      1,
      1,
      512,
      512
    ],
    "min": 0.0,
    "max": 1.0,
    "mean": 0.016632080078125
  },
  "edit_ratio": {
    "shape": [
      1,
      1,
      512,
      512
    ],
    "min": 0.00022211557370610535,
    "max": 0.7081505060195923,
    "mean": 0.04845988005399704
  },
  "preserve_ratio": {
    "shape": [
      1,
      1,
      512,
      512
    ],
    "min": 0.0,
    "max": 0.998519241809845,
    "mean": 0.6817168593406677
  },
  "edit_weight": {
    "shape": [
      1,
      1,
      512,
      512
    ],
    "min": 1.3862371872619406e-07,
    "max": 0.14775517582893372,
    "mean": 0.02671857923269272
  },
  "preserve_weight": {
    "shape": [
      1,
      1,
      512,
      512
    ],
    "min": 0.0,
    "max": 0.9294233322143555,
    "mean": 0.16668687760829926
  }
}