{
  "input": {
    "shape": [
      1,
      3,
      512,
      512
    ],
    "min": 0.0,
    "max": 1.0,
    "mean": 0.6061758399009705
  },
  "edited": {
    "shape": [
      1,
      3,
      512,
      512
    ],
    "min": -1.0562080144882202,
    "max": 1.099433422088623,
    "mean": 0.20478522777557373
  }
}