{
  "input": {
    "shape": [
      1,
      3,
      512,
      512
    ],
    "min": 0.0,
    "max": 1.0,
    "mean": 0.6279830932617188
  },
  "edited": {
    "shape": [
      1,
      3,
      512,
      512
    ],
    "min": -1.05142343044281,
    "max": 1.087597370147705,
    "mean": 0.2454843372106552
  }
}