{
  "source": {
    "shape": [
      1,
      3,
      512,
      512
    ],
    "min": 0.0,
    "max": 1.0,
    "mean": 0.6061758399009705
  },
  "mf_cond": {
    "shape": [
      1,
      3,
      512,
      512
    ],
    "min": -1.038423776626587,
    "max": 1.0832873582839966,
    "mean": 0.5579477548599243
  },
  "proxy_rgb": {
    "shape": [
      1,
      3,
      512,
      512
    ],
    "min": 0.0024272026494145393,
    "max": 0.9987470507621765,
    "mean": 0.7818151712417603
  },
  "geo_weight": {
    "shape": [
      1,
      1,
      512,
      512
    ],
    "min": 1.5234243619488552e-05,
    "max": 0.9999551177024841,
    "mean": 0.4736035168170929
  },
  "edit_mask": {
    "shape": [
      1,
      1,
      512,
      512
    ],
    "min": 0.0019817929714918137,
    "max": 1.0,
    "mean": 0.3391737639904022
  },
  "support_mask": {
    "shape": [
      1,
      1,
      512,
      512
    ],
    "min": 0.0,
    "max": 1.0,
    "mean": 0.13274383544921875
  },
  "edit_ratio": {
    "shape": [
      1,
      1,
      512,
      512
    ],
    "min": 0.0002972689690068364,
    "max": 1.0,
    "mean": 0.12930922210216522
  },
  "preserve_ratio": {
    "shape": [
      1,
      1,
      512,
      512
    ],
    "min": 0.0,
    "max": 0.998018205165863,
    "mean": 0.6466618776321411
  },
  "edit_weight": {
    "shape": [
      1,
      1,
      512,
      512
    ],
    "min": 1.8369564713793807e-07,
    "max": 0.964749813079834,
    "mean": 0.09575366973876953
  },
  "preserve_weight": {
    "shape": [
      1,
      1,
      512,
      512
    ],
    "min": 0.0,
    "max": 0.9385295510292053,
    "mean": 0.2626889646053314
  }
}