{
  "source": {
    "shape": [
      1,
      3,
      512,
      512
    ],
    "min": 0.0,
    "max": 1.0,
    "mean": 0.681059718132019
  },
  "mf_cond": {
    "shape": [
      1,
      3,
      512,
      512
    ],
    "min": -1.112822413444519,
    "max": 1.0887788534164429,
    "mean": 0.6540345549583435
  },
  "proxy_rgb": {
    "shape": [
      1,
      3,
      512,
      512
    ],
    "min": 0.008219343610107899,
    "max": 0.9986323714256287,
    "mean": 0.8241121172904968
  },
  "geo_weight": {
    "shape": [
      1,
      1,
      512,
      512
    ],
    "min": 0.0,
    "max": 0.9997805953025818,
    "mean": 0.3829658329486847
  },
  "edit_mask": {
    "shape": [
      1,
      1,
      512,
      512
    ],
    "min": 0.0015204763039946556,
    "max": 1.0,
    "mean": 0.3047334551811218
  },
  "support_mask": {
    "shape": [
      1,
      1,
      512,
      512
    ],
    "min": 0.0,
    "max": 1.0,
    "mean": 0.07077407836914062
  },
  "edit_ratio": {
    "shape": [
      1,
      1,
      512,
      512
    ],
    "min": 0.00015204763622023165,
    "max": 1.0,
    "mean": 0.08358851820230484
  },
  "preserve_ratio": {
    "shape": [
      1,
      1,
      512,
      512
    ],
    "min": 0.0,
    "max": 0.9984795451164246,
    "mean": 0.6899757981300354
  },
  "edit_weight": {
    "shape": [
      1,
      1,
      512,
      512
    ],
    "min": 0.0,
    "max": 0.9997805953025818,
    "mean": 0.057442400604486465
  },
  "preserve_weight": {
    "shape": [
      1,
      1,
      512,
      512
    ],
    "min": 0.0,
    "max": 0.8978720903396606,
    "mean": 0.21806985139846802
  }
}