{
  "source": {
    "shape": [
      1,
      3,
      512,
      512
    ],
    "min": 0.0,
    "max": 1.0,
    "mean": 0.5953030586242676
  },
  "mf_cond": {
    "shape": [
      1,
      3,
      512,
      512
    ],
    "min": 0.0,
    "max": 1.0,
    "mean": 0.5834228992462158
  },
  "proxy_rgb": {
    "shape": [
      1,
      3,
      512,
      512
    ],
    "min": 8.575199171900749e-05,
    "max": 0.9886723756790161,
    "mean": 0.5836499929428101
  },
  "geo_weight": {
    "shape": [
      1,
      1,
      512,
      512
    ],
    "min": 0.00024375595967285335,
    "max": 0.9996693134307861,
    "mean": 0.3910803496837616
  },
  "edit_mask": {
    "shape": [
      1,
      1,
      512,
      512
    ],
    "min": 0.0013380161253735423,
    "max": 1.0,
    "mean": 0.34756040573120117
  },
  "support_mask": {
    "shape": [
      1,
      1,
      512,
      512
    ],
    "min": 0.0,
    "max": 1.0,
    "mean": 0.01660919189453125
  },
  "edit_ratio": {
    "shape": [
      1,
      1,
      512,
      512
    ],
    "min": 0.00020070243044756353,
    "max": 1.0,
    "mean": 0.054538048803806305
  },
  "preserve_ratio": {
    "shape": [
      1,
      1,
      512,
      512
    ],
    "min": 0.0,
    "max": 0.998661994934082,
    "mean": 0.6476162672042847
  },
  "edit_weight": {
    "shape": [
      1,
      1,
      512,
      512
    ],
    "min": 3.0105511541478336e-06,
    "max": 0.14937226474285126,
    "mean": 0.028246477246284485
  },
  "preserve_weight": {
    "shape": [
      1,
      1,
      512,
      512
    ],
    "min": 0.0,
    "max": 0.9238021373748779,
    "mean": 0.2031249701976776
  }
}