{
  "input": {
    "shape": [
      1,
      3,
      512,
      512
    ],
    "min": 0.0,
    "max": 1.0,
    "mean": 0.6525959968566895
  },
  "initial_edit": {
    "shape": [
      1,
      3,
      320,
      320
    ],
    "min": -1.1044921875,
    "max": 1.0888671875,
    "mean": 0.2923336327075958
  }
}