{
  "input": {
    "shape": [
      1,
      3,
      512,
      512
    ],
    "min": 0.0,
    "max": 1.0,
    "mean": 0.6061758399009705
  },
  "edited": {
    "shape": [
      1,
      3,
      512,
      512
    ],
    "min": -1.3513100147247314,
    "max": 1.301557183265686,
    "mean": 0.02287515625357628
  }
}