{
  "source": {
    "shape": [
      1,
      3,
      512,
      512
    ],
    "min": 0.0,
    "max": 1.0,
    "mean": 0.681059718132019
  },
  "mf_cond": {
    "shape": [
      1,
      3,
      512,
      512
    ],
    "min": -1.0379726886749268,
    "max": 1.0823527574539185,
    "mean": 0.6538578867912292
  },
  "proxy_rgb": {
    "shape": [
      1,
      3,
      512,
      512
    ],
    "min": 0.004561716690659523,
    "max": 0.9960901737213135,
    "mean": 0.8249380588531494
  },
  "geo_weight": {
    "shape": [
      1,
      1,
      512,
      512
    ],
    "min": 0.0,
    "max": 0.9995461106300354,
    "mean": 0.37841397523880005
  },
  "edit_mask": {
    "shape": [
      1,
      1,
      512,
      512
    ],
    "min": 0.000832487887237221,
    "max": 1.0,
    "mean": 0.30696311593055725
  },
  "support_mask": {
    "shape": [
      1,
      1,
      512,
      512
    ],
    "min": 0.0,
    "max": 1.0,
    "mean": 0.07077407836914062
  },
  "edit_ratio": {
    "shape": [
      1,
      1,
      512,
      512
    ],
    "min": 0.0001248731859959662,
    "max": 1.0,
    "mean": 0.09014339745044708
  },
  "preserve_ratio": {
    "shape": [
      1,
      1,
      512,
      512
    ],
    "min": 0.0,
    "max": 0.9991675019264221,
    "mean": 0.6864243745803833
  },
  "edit_weight": {
    "shape": [
      1,
      1,
      512,
      512
    ],
    "min": 0.0,
    "max": 0.9995461106300354,
    "mean": 0.05687611922621727
  },
  "preserve_weight": {
    "shape": [
      1,
      1,
      512,
      512
    ],
    "min": 0.0,
    "max": 0.8969788551330566,
    "mean": 0.21561472117900848
  }
}