{
  "input": {
    "shape": [
      1,
      3,
      512,
      512
    ],
    "min": 0.0,
    "max": 1.0,
    "mean": 0.6525959968566895
  },
  "initial_edit": {
    "shape": [
      1,
      3,
      512,
      512
    ],
    "min": -1.119140625,
    "max": 1.1357421875,
    "mean": 0.2911859154701233
  }
}