{
  "input": {
    "shape": [
      1,
      3,
      512,
      512
    ],
    "min": 0.0,
    "max": 1.0,
    "mean": 0.681059718132019
  },
  "edited": {
    "shape": [
      1,
      3,
      512,
      512
    ],
    "min": -1.1520212888717651,
    "max": 1.1425873041152954,
    "mean": 0.3541017770767212
  }
}