{
  "proxy": {
    "shape": [
      1,
      3,
      512,
      512
    ],
    "min": 0.003921568859368563,
    "max": 0.9960784316062927,
    "mean": 0.8229765295982361
  },
  "edit_weight": {
    "shape": [
      1,
      1,
      512,
      512
    ],
    "min": 0.0,
    "max": 0.9995461106300354,
    "mean": 0.05687611922621727
  },
  "preserve_weight": {
    "shape": [
      1,
      1,
      512,
      512
    ],
    "min": 0.0,
    "max": 0.8969788551330566,
    "mean": 0.21561472117900848
  },
  "latent_edit_weight": {
    "shape": [
      1,
      1,
      40,
      40
    ],
    "min": 0.0004435958690010011,
    "max": 0.9724112749099731,
    "mean": 0.0565427765250206
  },
  "latent_preserve_weight": {
    "shape": [
      1,
      1,
      40,
      40
    ],
    "min": 0.0,
    "max": 0.7358731627464294,
    "mean": 0.21699164807796478
  },
  "latent_edit_mass": {
    "shape": [
      1,
      1,
      1,
      1
    ],
    "min": 0.0565427765250206,
    "max": 0.0565427765250206,
    "mean": 0.0565427765250206
  },
  "latent_preserve_mass": {
    "shape": [
      1,
      1,
      1,
      1
    ],
    "min": 0.21699164807796478,
    "max": 0.21699164807796478,
    "mean": 0.21699164807796478
  },
  "adaptive_edit_scale": {
    "shape": [
      1,
      1,
      1,
      1
    ],
    "min": 1.0,
    "max": 1.0,
    "mean": 1.0
  },
  "adaptive_preserve_scale": {
    "shape": [
      1,
      1,
      1,
      1
    ],
    "min": 1.0,
    "max": 1.0,
    "mean": 1.0
  },
  "mode_velocity_guidance": 1.0
}