{
  "proxy": {
    "shape": [
      1,
      3,
      512,
      512
    ],
    "min": 0.0,
    "max": 0.9960784316062927,
    "mean": 0.7798321843147278
  },
  "edit_weight": {
    "shape": [
      1,
      1,
      512,
      512
    ],
    "min": 7.437062663484539e-07,
    "max": 0.9580429792404175,
    "mean": 0.0968766063451767
  },
  "preserve_weight": {
    "shape": [
      1,
      1,
      512,
      512
    ],
    "min": 0.0,
    "max": 0.9284911751747131,
    "mean": 0.26410406827926636
  },
  "latent_edit_weight": {
    "shape": [
      1,
      1,
      40,
      40
    ],
    "min": 0.0007955684559419751,
    "max": 0.9530230760574341,
    "mean": 0.0972294956445694
  },
  "latent_preserve_weight": {
    "shape": [
      1,
      1,
      40,
      40
    ],
    "min": 0.0,
    "max": 0.746097981929779,
    "mean": 0.26384237408638
  },
  "latent_edit_mass": {
    "shape": [
      1,
      1,
      1,
      1
    ],
    "min": 0.0972294956445694,
    "max": 0.0972294956445694,
    "mean": 0.0972294956445694
  },
  "latent_preserve_mass": {
    "shape": [
      1,
      1,
      1,
      1
    ],
    "min": 0.26384237408638,
    "max": 0.26384237408638,
    "mean": 0.26384237408638
  },
  "adaptive_edit_scale": {
    "shape": [
      1,
      1,
      1,
      1
    ],
    "min": 1.0,
    "max": 1.0,
    "mean": 1.0
  },
  "adaptive_preserve_scale": {
    "shape": [
      1,
      1,
      1,
      1
    ],
    "min": 1.0,
    "max": 1.0,
    "mean": 1.0
  },
  "mode_velocity_guidance": 1.0
}