{
  "input": {
    "shape": [
      1,
      3,
      512,
      512
    ],
    "min": 0.0,
    "max": 1.0,
    "mean": 0.6525959968566895
  },
  "edited": {
    "shape": [
      1,
      3,
      512,
      512
    ],
    "min": -1.056205153465271,
    "max": 1.1082496643066406,
    "mean": 0.2928623855113983
  }
}