{
  "source": {
    "shape": [
      1,
      3,
      512,
      512
    ],
    "min": 0.0,
    "max": 1.0,
    "mean": 0.681059718132019
  },
  "mf_cond": {
    "shape": [
      1,
      3,
      512,
      512
    ],
    "min": 0.0,
    "max": 1.0,
    "mean": 0.6343104243278503
  },
  "proxy_rgb": {
    "shape": [
      1,
      3,
      512,
      512
    ],
    "min": 8.78763385117054e-05,
    "max": 0.978326678276062,
    "mean": 0.6311453580856323
  },
  "geo_weight": {
    "shape": [
      1,
      1,
      512,
      512
    ],
    "min": 0.0,
    "max": 0.9995853900909424,
    "mean": 0.38164466619491577
  },
  "edit_mask": {
    "shape": [
      1,
      1,
      512,
      512
    ],
    "min": 0.0006001940346322954,
    "max": 1.0,
    "mean": 0.3145909905433655
  },
  "support_mask": {
    "shape": [
      1,
      1,
      512,
      512
    ],
    "min": 0.0,
    "max": 1.0,
    "mean": 0.07077407836914062
  },
  "edit_ratio": {
    "shape": [
      1,
      1,
      512,
      512
    ],
    "min": 9.00291051948443e-05,
    "max": 1.0,
    "mean": 0.0904838815331459
  },
  "preserve_ratio": {
    "shape": [
      1,
      1,
      512,
      512
    ],
    "min": 0.0,
    "max": 0.9993997812271118,
    "mean": 0.6784655451774597
  },
  "edit_weight": {
    "shape": [
      1,
      1,
      512,
      512
    ],
    "min": 0.0,
    "max": 0.9042482376098633,
    "mean": 0.05381229519844055
  },
  "preserve_weight": {
    "shape": [
      1,
      1,
      512,
      512
    ],
    "min": 0.0,
    "max": 0.8627883195877075,
    "mean": 0.21920058131217957
  }
}