{
  "proxy": {
    "shape": [
      1,
      3,
      512,
      512
    ],
    "min": 0.003921568859368563,
    "max": 0.9960784316062927,
    "mean": 0.8219707608222961
  },
  "edit_weight": {
    "shape": [
      1,
      1,
      512,
      512
    ],
    "min": 0.0,
    "max": 0.9952403903007507,
    "mean": 0.06409052014350891
  },
  "preserve_weight": {
    "shape": [
      1,
      1,
      512,
      512
    ],
    "min": 0.0,
    "max": 0.9234065413475037,
    "mean": 0.22308528423309326
  },
  "latent_edit_weight": {
    "shape": [
      1,
      1,
      40,
      40
    ],
    "min": 0.0005566614563576877,
    "max": 0.9505694508552551,
    "mean": 0.06391004472970963
  },
  "latent_preserve_weight": {
    "shape": [
      1,
      1,
      40,
      40
    ],
    "min": 0.0,
    "max": 0.7238144874572754,
    "mean": 0.22271482646465302
  },
  "latent_edit_mass": {
    "shape": [
      1,
      1,
      1,
      1
    ],
    "min": 0.06391004472970963,
    "max": 0.06391004472970963,
    "mean": 0.06391004472970963
  },
  "latent_preserve_mass": {
    "shape": [
      1,
      1,
      1,
      1
    ],
    "min": 0.22271482646465302,
    "max": 0.22271482646465302,
    "mean": 0.22271482646465302
  },
  "adaptive_edit_scale": {
    "shape": [
      1,
      1,
      1,
      1
    ],
    "min": 1.0,
    "max": 1.0,
    "mean": 1.0
  },
  "adaptive_preserve_scale": {
    "shape": [
      1,
      1,
      1,
      1
    ],
    "min": 1.0,
    "max": 1.0,
    "mean": 1.0
  },
  "mode_velocity_guidance": 1.0
}