{
  "source": {
    "shape": [
      1,
      3,
      512,
      512
    ],
    "min": 0.0,
    "max": 1.0,
    "mean": 0.6279830932617188
  },
  "mf_cond": {
    "shape": [
      1,
      3,
      512,
      512
    ],
    "min": -1.0236880779266357,
    "max": 1.0847958326339722,
    "mean": 0.6150308847427368
  },
  "proxy_rgb": {
    "shape": [
      1,
      3,
      512,
      512
    ],
    "min": 0.0360587015748024,
    "max": 0.9992194771766663,
    "mean": 0.8101985454559326
  },
  "geo_weight": {
    "shape": [
      1,
      1,
      512,
      512
    ],
    "min": 0.0005760902422480285,
    "max": 0.9995054006576538,
    "mean": 0.4654023349285126
  },
  "edit_mask": {
    "shape": [
      1,
      1,
      512,
      512
    ],
    "min": 0.0012333301128819585,
    "max": 1.0,
    "mean": 0.3146342635154724
  },
  "support_mask": {
    "shape": [
      1,
      1,
      512,
      512
    ],
    "min": 0.0,
    "max": 1.0,
    "mean": 0.057430267333984375
  },
  "edit_ratio": {
    "shape": [
      1,
      1,
      512,
      512
    ],
    "min": 0.00021561412722803652,
    "max": 1.0,
    "mean": 0.06031840667128563
  },
  "preserve_ratio": {
    "shape": [
      1,
      1,
      512,
      512
    ],
    "min": 0.0,
    "max": 0.9985625743865967,
    "mean": 0.6706688404083252
  },
  "edit_weight": {
    "shape": [
      1,
      1,
      512,
      512
    ],
    "min": 4.720745891972911e-06,
    "max": 0.7110390663146973,
    "mean": 0.03822143375873566
  },
  "preserve_weight": {
    "shape": [
      1,
      1,
      512,
      512
    ],
    "min": 0.0,
    "max": 0.9010177254676819,
    "mean": 0.2563461661338806
  }
}