{
  "input": {
    "shape": [
      1,
      3,
      512,
      512
    ],
    "min": 0.0,
    "max": 1.0,
    "mean": 0.6061758399009705
  },
  "edited": {
    "shape": [
      1,
      3,
      512,
      512
    ],
    "min": -1.1482386589050293,
    "max": 1.052161693572998,
    "mean": 0.20454642176628113
  }
}