{
  "source": {
    "shape": [
      1,
      3,
      512,
      512
    ],
    "min": 0.0,
    "max": 1.0,
    "mean": 0.681059718132019
  },
  "mf_cond": {
    "shape": [
      1,
      3,
      512,
      512
    ],
    "min": -1.0994247198104858,
    "max": 1.0551245212554932,
    "mean": 0.6539477705955505
  },
  "proxy_rgb": {
    "shape": [
      1,
      3,
      512,
      512
    ],
    "min": 0.007234012708067894,
    "max": 0.9987785220146179,
    "mean": 0.8233984708786011
  },
  "geo_weight": {
    "shape": [
      1,
      1,
      512,
      512
    ],
    "min": 0.0,
    "max": 0.9998044967651367,
    "mean": 0.39566895365715027
  },
  "edit_mask": {
    "shape": [
      1,
      1,
      512,
      512
    ],
    "min": 0.0013000788167119026,
    "max": 1.0,
    "mean": 0.29933053255081177
  },
  "support_mask": {
    "shape": [
      1,
      1,
      512,
      512
    ],
    "min": 0.0,
    "max": 1.0,
    "mean": 0.07077407836914062
  },
  "edit_ratio": {
    "shape": [
      1,
      1,
      512,
      512
    ],
    "min": 0.00019501183123793453,
    "max": 1.0,
    "mean": 0.09637965261936188
  },
  "preserve_ratio": {
    "shape": [
      1,
      1,
      512,
      512
    ],
    "min": 0.0,
    "max": 0.9986999034881592,
    "mean": 0.6970962285995483
  },
  "edit_weight": {
    "shape": [
      1,
      1,
      512,
      512
    ],
    "min": 0.0,
    "max": 0.9971439838409424,
    "mean": 0.06494426727294922
  },
  "preserve_weight": {
    "shape": [
      1,
      1,
      512,
      512
    ],
    "min": 0.0,
    "max": 0.9292061924934387,
    "mean": 0.22903987765312195
  }
}