{
  "source": {
    "shape": [
      1,
      3,
      512,
      512
    ],
    "min": 0.0,
    "max": 1.0,
    "mean": 0.6355091333389282
  },
  "mf_cond": {
    "shape": [
      1,
      3,
      512,
      512
    ],
    "min": 0.0,
    "max": 1.0,
    "mean": 0.6240043640136719
  },
  "proxy_rgb": {
    "shape": [
      1,
      3,
      512,
      512
    ],
    "min": 7.880153134465218e-05,
    "max": 0.9820599555969238,
    "mean": 0.6253990530967712
  },
  "geo_weight": {
    "shape": [
      1,
      1,
      512,
      512
    ],
    "min": 2.5204122721333988e-05,
    "max": 0.9998026490211487,
    "mean": 0.34393948316574097
  },
  "edit_mask": {
    "shape": [
      1,
      1,
      512,
      512
    ],
    "min": 0.0014807704137638211,
    "max": 1.0,
    "mean": 0.31307876110076904
  },
  "support_mask": {
    "shape": [
      1,
      1,
      512,
      512
    ],
    "min": 0.0,
    "max": 1.0,
    "mean": 0.01660919189453125
  },
  "edit_ratio": {
    "shape": [
      1,
      1,
      512,
      512
    ],
    "min": 0.00022211557370610535,
    "max": 0.7081505060195923,
    "mean": 0.04845742881298065
  },
  "preserve_ratio": {
    "shape": [
      1,
      1,
      512,
      512
    ],
    "min": 0.0,
    "max": 0.998519241809845,
    "mean": 0.6817238926887512
  },
  "edit_weight": {
    "shape": [
      1,
      1,
      512,
      512
    ],
    "min": 1.2874788524186442e-07,
    "max": 0.14778287708759308,
    "mean": 0.026677830144762993
  },
  "preserve_weight": {
    "shape": [
      1,
      1,
      512,
      512
    ],
    "min": 0.0,
    "max": 0.9296560883522034,
    "mean": 0.1662592887878418
  }
}