{
  "source": {
    "shape": [
      1,
      3,
      512,
      512
    ],
    "min": 0.0,
    "max": 1.0,
    "mean": 0.6061758399009705
  },
  "mf_cond": {
    "shape": [
      1,
      3,
      512,
      512
    ],
    "min": -0.20308303833007812,
    "max": 1.0,
    "mean": 0.38376718759536743
  },
  "proxy_rgb": {
    "shape": [
      1,
      3,
      512,
      512
    ],
    "min": 0.4337536692619324,
    "max": 0.9764444828033447,
    "mean": 0.6935096979141235
  },
  "geo_weight": {
    "shape": [
      1,
      1,
      512,
      512
    ],
    "min": 1.265676473849453e-05,
    "max": 0.9995129108428955,
    "mean": 0.4981496334075928
  },
  "edit_mask": {
    "shape": [
      1,
      1,
      512,
      512
    ],
    "min": 0.001618460868485272,
    "max": 1.0,
    "mean": 0.32110077142715454
  },
  "support_mask": {
    "shape": [
      1,
      1,
      512,
      512
    ],
    "min": 0.0,
    "max": 1.0,
    "mean": 0.4232139587402344
  },
  "edit_ratio": {
    "shape": [
      1,
      1,
      512,
      512
    ],
    "min": 0.00024276913609355688,
    "max": 1.0,
    "mean": 0.1956891268491745
  },
  "preserve_ratio": {
    "shape": [
      1,
      1,
      512,
      512
    ],
    "min": 0.0,
    "max": 0.9983815550804138,
    "mean": 0.5915195345878601
  },
  "edit_weight": {
    "shape": [
      1,
      1,
      512,
      512
    ],
    "min": 6.37799075775547e-07,
    "max": 0.8262179493904114,
    "mean": 0.10359188169240952
  },
  "preserve_weight": {
    "shape": [
      1,
      1,
      512,
      512
    ],
    "min": 0.0,
    "max": 0.9736747741699219,
    "mean": 0.28282028436660767
  }
}