{
  "source": {
    "shape": [
      1,
      3,
      512,
      512
    ],
    "min": 0.0,
    "max": 1.0,
    "mean": 0.6279830932617188
  },
  "mf_cond": {
    "shape": [
      1,
      3,
      512,
      512
    ],
    "min": -1.0920803546905518,
    "max": 1.0693272352218628,
    "mean": 0.5864992737770081
  },
  "proxy_rgb": {
    "shape": [
      1,
      3,
      512,
      512
    ],
    "min": 0.0037234709598124027,
    "max": 0.9995546340942383,
    "mean": 0.7963372468948364
  },
  "geo_weight": {
    "shape": [
      1,
      1,
      512,
      512
    ],
    "min": 0.0006862515583634377,
    "max": 0.9998727440834045,
    "mean": 0.46326637268066406
  },
  "edit_mask": {
    "shape": [
      1,
      1,
      512,
      512
    ],
    "min": 0.0012755821226164699,
    "max": 1.0,
    "mean": 0.3137861490249634
  },
  "support_mask": {
    "shape": [
      1,
      1,
      512,
      512
    ],
    "min": 0.0,
    "max": 1.0,
    "mean": 0.10930252075195312
  },
  "edit_ratio": {
    "shape": [
      1,
      1,
      512,
      512
    ],
    "min": 0.00019133732712361962,
    "max": 1.0,
    "mean": 0.12549397349357605
  },
  "preserve_ratio": {
    "shape": [
      1,
      1,
      512,
      512
    ],
    "min": 0.0,
    "max": 0.9987244009971619,
    "mean": 0.6802510023117065
  },
  "edit_weight": {
    "shape": [
      1,
      1,
      512,
      512
    ],
    "min": 1.5296209312509745e-05,
    "max": 0.994453489780426,
    "mean": 0.09329381585121155
  },
  "preserve_weight": {
    "shape": [
      1,
      1,
      512,
      512
    ],
    "min": 0.0,
    "max": 0.8735681176185608,
    "mean": 0.265072226524353
  }
}