{
  "input": {
    "shape": [
      1,
      3,
      512,
      512
    ],
    "min": 0.0,
    "max": 1.0,
    "mean": 0.6525959968566895
  },
  "edited": {
    "shape": [
      1,
      3,
      512,
      512
    ],
    "min": -1.0405957698822021,
    "max": 1.08354914188385,
    "mean": 0.2932780385017395
  }
}