{
  "proxy": {
    "shape": [
      1,
      3,
      512,
      512
    ],
    "min": 0.0,
    "max": 0.9764705896377563,
    "mean": 0.6292500495910645
  },
  "edit_weight": {
    "shape": [
      1,
      1,
      512,
      512
    ],
    "min": 0.0,
    "max": 0.9042482376098633,
    "mean": 0.04344563186168671
  },
  "preserve_weight": {
    "shape": [
      1,
      1,
      512,
      512
    ],
    "min": 0.0,
    "max": 0.8349267244338989,
    "mean": 0.21184991300106049
  },
  "latent_edit_weight": {
    "shape": [
      1,
      1,
      40,
      40
    ],
    "min": 0.00016274895460810512,
    "max": 0.8903940916061401,
    "mean": 0.04352651536464691
  },
  "latent_preserve_weight": {
    "shape": [
      1,
      1,
      40,
      40
    ],
    "min": 0.0,
    "max": 0.718292772769928,
    "mean": 0.21328696608543396
  },
  "latent_edit_mass": {
    "shape": [
      1,
      1,
      1,
      1
    ],
    "min": 0.04352651536464691,
    "max": 0.04352651536464691,
    "mean": 0.04352651536464691
  },
  "latent_preserve_mass": {
    "shape": [
      1,
      1,
      1,
      1
    ],
    "min": 0.21328696608543396,
    "max": 0.21328696608543396,
    "mean": 0.21328696608543396
  },
  "adaptive_edit_scale": {
    "shape": [
      1,
      1,
      1,
      1
    ],
    "min": 1.0,
    "max": 1.0,
    "mean": 1.0
  },
  "adaptive_preserve_scale": {
    "shape": [
      1,
      1,
      1,
      1
    ],
    "min": 1.0,
    "max": 1.0,
    "mean": 1.0
  },
  "mode_velocity_guidance": 0.0
}