{
  "input": {
    "shape": [
      1,
      3,
      512,
      512
    ],
    "min": 0.0,
    "max": 1.0,
    "mean": 0.6525959968566895
  },
  "initial_edit": {
    "shape": [
      1,
      3,
      512,
      512
    ],
    "min": -1.14453125,
    "max": 1.154296875,
    "mean": 0.2859553098678589
  }
}