{
  "source": {
    "shape": [
      1,
      3,
      512,
      512
    ],
    "min": 0.0,
    "max": 1.0,
    "mean": 0.5953030586242676
  },
  "mf_cond": {
    "shape": [
      1,
      3,
      512,
      512
    ],
    "min": 0.0,
    "max": 1.0,
    "mean": 0.5834064483642578
  },
  "proxy_rgb": {
    "shape": [
      1,
      3,
      512,
      512
    ],
    "min": 8.161226287484169e-05,
    "max": 0.9886631965637207,
    "mean": 0.5836222171783447
  },
  "geo_weight": {
    "shape": [
      1,
      1,
      512,
      512
    ],
    "min": 0.00024375937937293202,
    "max": 0.9996709823608398,
    "mean": 0.3911394476890564
  },
  "edit_mask": {
    "shape": [
      1,
      1,
      512,
      512
    ],
    "min": 0.0013380161253735423,
    "max": 1.0,
    "mean": 0.34756040573120117
  },
  "support_mask": {
    "shape": [
      1,
      1,
      512,
      512
    ],
    "min": 0.0,
    "max": 1.0,
    "mean": 0.016632080078125
  },
  "edit_ratio": {
    "shape": [
      1,
      1,
      512,
      512
    ],
    "min": 0.00020070243044756353,
    "max": 1.0,
    "mean": 0.05454230681061745
  },
  "preserve_ratio": {
    "shape": [
      1,
      1,
      512,
      512
    ],
    "min": 0.0,
    "max": 0.998661994934082,
    "mean": 0.6476100087165833
  },
  "edit_weight": {
    "shape": [
      1,
      1,
      512,
      512
    ],
    "min": 2.83080271401559e-06,
    "max": 0.1493730992078781,
    "mean": 0.028253108263015747
  },
  "preserve_weight": {
    "shape": [
      1,
      1,
      512,
      512
    ],
    "min": 0.0,
    "max": 0.923631489276886,
    "mean": 0.2031586766242981
  }
}