{
  "source": {
    "shape": [
      1,
      3,
      512,
      512
    ],
    "min": 0.0,
    "max": 1.0,
    "mean": 0.6061758399009705
  },
  "mf_cond": {
    "shape": [
      1,
      3,
      512,
      512
    ],
    "min": -0.20308303833007812,
    "max": 1.0,
    "mean": 0.3838415741920471
  },
  "proxy_rgb": {
    "shape": [
      1,
      3,
      512,
      512
    ],
    "min": 0.4334713816642761,
    "max": 0.9765613079071045,
    "mean": 0.6935395002365112
  },
  "geo_weight": {
    "shape": [
      1,
      1,
      512,
      512
    ],
    "min": 3.4367905755061656e-05,
    "max": 0.999517023563385,
    "mean": 0.49760687351226807
  },
  "edit_mask": {
    "shape": [
      1,
      1,
      512,
      512
    ],
    "min": 0.001618460868485272,
    "max": 1.0,
    "mean": 0.32110077142715454
  },
  "support_mask": {
    "shape": [
      1,
      1,
      512,
      512
    ],
    "min": 0.0,
    "max": 1.0,
    "mean": 0.4231109619140625
  },
  "edit_ratio": {
    "shape": [
      1,
      1,
      512,
      512
    ],
    "min": 0.00024276913609355688,
    "max": 1.0,
    "mean": 0.19565942883491516
  },
  "preserve_ratio": {
    "shape": [
      1,
      1,
      512,
      512
    ],
    "min": 0.0,
    "max": 0.9983815550804138,
    "mean": 0.5915433764457703
  },
  "edit_weight": {
    "shape": [
      1,
      1,
      512,
      512
    ],
    "min": 1.7318657228315715e-06,
    "max": 0.8204394578933716,
    "mean": 0.10324366390705109
  },
  "preserve_weight": {
    "shape": [
      1,
      1,
      512,
      512
    ],
    "min": 0.0,
    "max": 0.9736962914466858,
    "mean": 0.2827765643596649
  }
}