{
  "proxy": {
    "shape": [
      1,
      3,
      512,
      512
    ],
    "min": 0.4313725531101227,
    "max": 0.9764705896377563,
    "mean": 0.6915798187255859
  },
  "edit_weight": {
    "shape": [
      1,
      1,
      512,
      512
    ],
    "min": 1.7318657228315715e-06,
    "max": 0.8204394578933716,
    "mean": 0.10324366390705109
  },
  "preserve_weight": {
    "shape": [
      1,
      1,
      512,
      512
    ],
    "min": 0.0,
    "max": 0.9736962914466858,
    "mean": 0.2827765643596649
  },
  "latent_edit_weight": {
    "shape": [
      1,
      1,
      40,
      40
    ],
    "min": 0.00020492046314757317,
    "max": 0.7965671420097351,
    "mean": 0.10395922511816025
  },
  "latent_preserve_weight": {
    "shape": [
      1,
      1,
      40,
      40
    ],
    "min": 0.0,
    "max": 0.7323641180992126,
    "mean": 0.282382607460022
  },
  "latent_edit_mass": {
    "shape": [
      1,
      1,
      1,
      1
    ],
    "min": 0.10395922511816025,
    "max": 0.10395922511816025,
    "mean": 0.10395922511816025
  },
  "latent_preserve_mass": {
    "shape": [
      1,
      1,
      1,
      1
    ],
    "min": 0.282382607460022,
    "max": 0.282382607460022,
    "mean": 0.282382607460022
  },
  "adaptive_edit_scale": {
    "shape": [
      1,
      1,
      1,
      1
    ],
    "min": 1.0,
    "max": 1.0,
    "mean": 1.0
  },
  "adaptive_preserve_scale": {
    "shape": [
      1,
      1,
      1,
      1
    ],
    "min": 1.0,
    "max": 1.0,
    "mean": 1.0
  },
  "mode_velocity_guidance": 1.0
}