{
  "source": {
    "shape": [
      1,
      3,
      512,
      512
    ],
    "min": 0.0,
    "max": 1.0,
    "mean": 0.6061758399009705
  },
  "mf_cond": {
    "shape": [
      1,
      3,
      512,
      512
    ],
    "min": -1.0800944566726685,
    "max": 1.1073750257492065,
    "mean": 0.5580135583877563
  },
  "proxy_rgb": {
    "shape": [
      1,
      3,
      512,
      512
    ],
    "min": 0.0021278499625623226,
    "max": 0.9990770816802979,
    "mean": 0.7817938327789307
  },
  "geo_weight": {
    "shape": [
      1,
      1,
      512,
      512
    ],
    "min": 6.046031558071263e-05,
    "max": 0.9998993873596191,
    "mean": 0.4738624095916748
  },
  "edit_mask": {
    "shape": [
      1,
      1,
      512,
      512
    ],
    "min": 0.0015487209893763065,
    "max": 1.0,
    "mean": 0.3369288146495819
  },
  "support_mask": {
    "shape": [
      1,
      1,
      512,
      512
    ],
    "min": 0.0,
    "max": 1.0,
    "mean": 0.13274383544921875
  },
  "edit_ratio": {
    "shape": [
      1,
      1,
      512,
      512
    ],
    "min": 0.00023230815713759512,
    "max": 1.0,
    "mean": 0.13115441799163818
  },
  "preserve_ratio": {
    "shape": [
      1,
      1,
      512,
      512
    ],
    "min": 0.0,
    "max": 0.998451292514801,
    "mean": 0.6498053073883057
  },
  "edit_weight": {
    "shape": [
      1,
      1,
      512,
      512
    ],
    "min": 7.437062663484539e-07,
    "max": 0.9580429792404175,
    "mean": 0.0968766063451767
  },
  "preserve_weight": {
    "shape": [
      1,
      1,
      512,
      512
    ],
    "min": 0.0,
    "max": 0.9284911751747131,
    "mean": 0.26410406827926636
  }
}