{
  "input": {
    "shape": [
      1,
      3,
      512,
      512
    ],
    "min": 0.0,
    "max": 1.0,
    "mean": 0.6061758399009705
  },
  "initial_edit": {
    "shape": [
      1,
      3,
      320,
      320
    ],
    "min": -1.40234375,
    "max": 1.361328125,
    "mean": 0.02272977866232395
  }
}