{
  "input": {
    "shape": [
      1,
      3,
      512,
      512
    ],
    "min": 0.0,
    "max": 1.0,
    "mean": 0.681059718132019
  },
  "edited": {
    "shape": [
      1,
      3,
      512,
      512
    ],
    "min": -1.1441874504089355,
    "max": 1.087611436843872,
    "mean": 0.3545180559158325
  }
}