{
  "input": {
    "shape": [
      1,
      3,
      512,
      512
    ],
    "min": 0.0,
    "max": 1.0,
    "mean": 0.6061758399009705
  },
  "edited": {
    "shape": [
      1,
      3,
      512,
      512
    ],
    "min": -1.1520828008651733,
    "max": 1.0535252094268799,
    "mean": 0.20430636405944824
  }
}