{
  "input": {
    "shape": [
      1,
      3,
      512,
      512
    ],
    "min": 0.0,
    "max": 1.0,
    "mean": 0.6061758399009705
  },
  "edited": {
    "shape": [
      1,
      3,
      512,
      512
    ],
    "min": -1.0545532703399658,
    "max": 1.0938808917999268,
    "mean": 0.20509499311447144
  }
}