{
  "proxy": {
    "shape": [
      1,
      3,
      512,
      512
    ],
    "min": 0.42352941632270813,
    "max": 0.9921568632125854,
    "mean": 0.8323976397514343
  },
  "edit_weight": {
    "shape": [
      1,
      1,
      512,
      512
    ],
    "min": 0.0,
    "max": 0.1491910219192505,
    "mean": 0.02145870216190815
  },
  "preserve_weight": {
    "shape": [
      1,
      1,
      512,
      512
    ],
    "min": 0.0,
    "max": 0.9696978330612183,
    "mean": 0.19141235947608948
  },
  "latent_edit_weight": {
    "shape": [
      1,
      1,
      40,
      40
    ],
    "min": 0.0003705545677803457,
    "max": 0.1460464596748352,
    "mean": 0.021439554169774055
  },
  "latent_preserve_weight": {
    "shape": [
      1,
      1,
      40,
      40
    ],
    "min": 0.0,
    "max": 0.7995190024375916,
    "mean": 0.1918756663799286
  },
  "latent_edit_mass": {
    "shape": [
      1,
      1,
      1,
      1
    ],
    "min": 0.021439554169774055,
    "max": 0.021439554169774055,
    "mean": 0.021439554169774055
  },
  "latent_preserve_mass": {
    "shape": [
      1,
      1,
      1,
      1
    ],
    "min": 0.1918756663799286,
    "max": 0.1918756663799286,
    "mean": 0.1918756663799286
  },
  "adaptive_edit_scale": {
    "shape": [
      1,
      1,
      1,
      1
    ],
    "min": 1.0,
    "max": 1.0,
    "mean": 1.0
  },
  "adaptive_preserve_scale": {
    "shape": [
      1,
      1,
      1,
      1
    ],
    "min": 1.0,
    "max": 1.0,
    "mean": 1.0
  },
  "mode_velocity_guidance": 1.0
}