{
  "input": {
    "shape": [
      1,
      3,
      512,
      512
    ],
    "min": 0.0,
    "max": 1.0,
    "mean": 0.6525959968566895
  },
  "edited": {
    "shape": [
      1,
      3,
      512,
      512
    ],
    "min": -1.5292812585830688,
    "max": 1.2055317163467407,
    "mean": -0.10987448692321777
  }
}