{
  "source": {
    "shape": [
      1,
      3,
      512,
      512
    ],
    "min": 0.0,
    "max": 1.0,
    "mean": 0.6061758399009705
  },
  "mf_cond": {
    "shape": [
      1,
      3,
      512,
      512
    ],
    "min": -1.0903716087341309,
    "max": 1.060773491859436,
    "mean": 0.5574405193328857
  },
  "proxy_rgb": {
    "shape": [
      1,
      3,
      512,
      512
    ],
    "min": 0.003289878834038973,
    "max": 0.9996180534362793,
    "mean": 0.781955897808075
  },
  "geo_weight": {
    "shape": [
      1,
      1,
      512,
      512
    ],
    "min": 0.0,
    "max": 0.999151349067688,
    "mean": 0.47299718856811523
  },
  "edit_mask": {
    "shape": [
      1,
      1,
      512,
      512
    ],
    "min": 0.0005956653621979058,
    "max": 1.0,
    "mean": 0.3192291557788849
  },
  "support_mask": {
    "shape": [
      1,
      1,
      512,
      512
    ],
    "min": 0.0,
    "max": 1.0,
    "mean": 0.13274383544921875
  },
  "edit_ratio": {
    "shape": [
      1,
      1,
      512,
      512
    ],
    "min": 8.934980724006891e-05,
    "max": 1.0,
    "mean": 0.14340928196907043
  },
  "preserve_ratio": {
    "shape": [
      1,
      1,
      512,
      512
    ],
    "min": 0.0,
    "max": 0.9994043111801147,
    "mean": 0.6736443042755127
  },
  "edit_weight": {
    "shape": [
      1,
      1,
      512,
      512
    ],
    "min": 0.0,
    "max": 0.9597178101539612,
    "mean": 0.10373976826667786
  },
  "preserve_weight": {
    "shape": [
      1,
      1,
      512,
      512
    ],
    "min": 0.0,
    "max": 0.9397264122962952,
    "mean": 0.27717500925064087
  }
}