{
  "gt": {
    "shape": [
      1,
      3,
      512,
      512
    ],
    "min": 0.0,
    "max": 1.0,
    "mean": 0.6525959968566895
  },
  "initial_edit": {
    "shape": [
      1,
      3,
      512,
      512
    ],
    "min": -1.1012368202209473,
    "max": 1.072289228439331,
    "mean": 0.2923496663570404
  },
  "gt_mask": {
    "shape": [
      1,
      512,
      512
    ],
    "min": 0.0,
    "max": 1.0,
    "mean": 0.0867462158203125
  },
  "mfg_output": {
    "shape": [
      1,
      3,
      512,
      512
    ],
    "min": -1.1012368202209473,
    "max": 1.072289228439331,
    "mean": 0.2923496663570404
  },
  "meta": {
    "mfg_mode": "frontier_seed1",
    "frontier_role": "anchor",
    "frontier_anchor_idx": 0,
    "source_indices": [
      0
    ]
  }
}