{
  "proxy": {
    "shape": [
      1,
      3,
      512,
      512
    ],
    "min": 0.007843137718737125,
    "max": 0.9960784316062927,
    "mean": 0.8221502900123596
  },
  "edit_weight": {
    "shape": [
      1,
      1,
      512,
      512
    ],
    "min": 0.0,
    "max": 0.9997805953025818,
    "mean": 0.057442400604486465
  },
  "preserve_weight": {
    "shape": [
      1,
      1,
      512,
      512
    ],
    "min": 0.0,
    "max": 0.8978720903396606,
    "mean": 0.21806985139846802
  },
  "latent_edit_weight": {
    "shape": [
      1,
      1,
      40,
      40
    ],
    "min": 0.0002700546756386757,
    "max": 0.9299858808517456,
    "mean": 0.05830053985118866
  },
  "latent_preserve_weight": {
    "shape": [
      1,
      1,
      40,
      40
    ],
    "min": 0.0,
    "max": 0.7034131288528442,
    "mean": 0.216593399643898
  },
  "latent_edit_mass": {
    "shape": [
      1,
      1,
      1,
      1
    ],
    "min": 0.05830053985118866,
    "max": 0.05830053985118866,
    "mean": 0.05830053985118866
  },
  "latent_preserve_mass": {
    "shape": [
      1,
      1,
      1,
      1
    ],
    "min": 0.216593399643898,
    "max": 0.216593399643898,
    "mean": 0.216593399643898
  },
  "adaptive_edit_scale": {
    "shape": [
      1,
      1,
      1,
      1
    ],
    "min": 1.0,
    "max": 1.0,
    "mean": 1.0
  },
  "adaptive_preserve_scale": {
    "shape": [
      1,
      1,
      1,
      1
    ],
    "min": 1.0,
    "max": 1.0,
    "mean": 1.0
  },
  "mode_velocity_guidance": 1.0
}