{
  "source": {
    "shape": [
      1,
      3,
      512,
      512
    ],
    "min": 0.0,
    "max": 1.0,
    "mean": 0.6061758399009705
  },
  "mf_cond": {
    "shape": [
      1,
      3,
      512,
      512
    ],
    "min": -1.0544242858886719,
    "max": 1.1025303602218628,
    "mean": 0.5579625964164734
  },
  "proxy_rgb": {
    "shape": [
      1,
      3,
      512,
      512
    ],
    "min": 0.002403242513537407,
    "max": 0.9988658428192139,
    "mean": 0.7817597389221191
  },
  "geo_weight": {
    "shape": [
      1,
      1,
      512,
      512
    ],
    "min": 5.578958734986372e-05,
    "max": 0.9999228715896606,
    "mean": 0.4740380346775055
  },
  "edit_mask": {
    "shape": [
      1,
      1,
      512,
      512
    ],
    "min": 0.0020497608929872513,
    "max": 1.0,
    "mean": 0.3370992839336395
  },
  "support_mask": {
    "shape": [
      1,
      1,
      512,
      512
    ],
    "min": 0.0,
    "max": 1.0,
    "mean": 0.13274383544921875
  },
  "edit_ratio": {
    "shape": [
      1,
      1,
      512,
      512
    ],
    "min": 0.000332061288645491,
    "max": 1.0,
    "mean": 0.13518598675727844
  },
  "preserve_ratio": {
    "shape": [
      1,
      1,
      512,
      512
    ],
    "min": 0.0,
    "max": 0.948052704334259,
    "mean": 0.6166262626647949
  },
  "edit_weight": {
    "shape": [
      1,
      1,
      512,
      512
    ],
    "min": 7.581858767480298e-07,
    "max": 0.9655839800834656,
    "mean": 0.10007067769765854
  },
  "preserve_weight": {
    "shape": [
      1,
      1,
      512,
      512
    ],
    "min": 0.0,
    "max": 0.885165274143219,
    "mean": 0.250469833612442
  }
}