{
  "source": {
    "shape": [
      1,
      3,
      512,
      512
    ],
    "min": 0.0,
    "max": 1.0,
    "mean": 0.6279830932617188
  },
  "mf_cond": {
    "shape": [
      1,
      3,
      512,
      512
    ],
    "min": -1.0236880779266357,
    "max": 1.0847958326339722,
    "mean": 0.6150990724563599
  },
  "proxy_rgb": {
    "shape": [
      1,
      3,
      512,
      512
    ],
    "min": 0.0364137627184391,
    "max": 0.9992510080337524,
    "mean": 0.8102895617485046
  },
  "geo_weight": {
    "shape": [
      1,
      1,
      512,
      512
    ],
    "min": 0.000579429033678025,
    "max": 0.9995472431182861,
    "mean": 0.4650912582874298
  },
  "edit_mask": {
    "shape": [
      1,
      1,
      512,
      512
    ],
    "min": 0.0012333301128819585,
    "max": 1.0,
    "mean": 0.3146342635154724
  },
  "support_mask": {
    "shape": [
      1,
      1,
      512,
      512
    ],
    "min": 0.0,
    "max": 1.0,
    "mean": 0.05728912353515625
  },
  "edit_ratio": {
    "shape": [
      1,
      1,
      512,
      512
    ],
    "min": 0.00021561412722803652,
    "max": 1.0,
    "mean": 0.06030767410993576
  },
  "preserve_ratio": {
    "shape": [
      1,
      1,
      512,
      512
    ],
    "min": 0.0,
    "max": 0.9985625743865967,
    "mean": 0.6707137823104858
  },
  "edit_weight": {
    "shape": [
      1,
      1,
      512,
      512
    ],
    "min": 4.644249656848842e-06,
    "max": 0.7130594253540039,
    "mean": 0.0382368303835392
  },
  "preserve_weight": {
    "shape": [
      1,
      1,
      512,
      512
    ],
    "min": 0.0,
    "max": 0.9003131985664368,
    "mean": 0.2560129761695862
  }
}