{
  "proxy": {
    "shape": [
      1,
      3,
      512,
      512
    ],
    "min": 0.003921568859368563,
    "max": 0.9960784316062927,
    "mean": 0.8220694065093994
  },
  "edit_weight": {
    "shape": [
      1,
      1,
      512,
      512
    ],
    "min": 0.0,
    "max": 0.99233078956604,
    "mean": 0.049093179404735565
  },
  "preserve_weight": {
    "shape": [
      1,
      1,
      512,
      512
    ],
    "min": 0.0,
    "max": 0.9063743352890015,
    "mean": 0.2377890944480896
  },
  "latent_edit_weight": {
    "shape": [
      1,
      1,
      40,
      40
    ],
    "min": 0.0001091138765332289,
    "max": 0.9296764731407166,
    "mean": 0.0492132231593132
  },
  "latent_preserve_weight": {
    "shape": [
      1,
      1,
      40,
      40
    ],
    "min": 0.0,
    "max": 0.7322322130203247,
    "mean": 0.2376212626695633
  },
  "latent_edit_mass": {
    "shape": [
      1,
      1,
      1,
      1
    ],
    "min": 0.0492132231593132,
    "max": 0.0492132231593132,
    "mean": 0.0492132231593132
  },
  "latent_preserve_mass": {
    "shape": [
      1,
      1,
      1,
      1
    ],
    "min": 0.2376212626695633,
    "max": 0.2376212626695633,
    "mean": 0.2376212626695633
  },
  "adaptive_edit_scale": {
    "shape": [
      1,
      1,
      1,
      1
    ],
    "min": 1.0,
    "max": 1.0,
    "mean": 1.0
  },
  "adaptive_preserve_scale": {
    "shape": [
      1,
      1,
      1,
      1
    ],
    "min": 1.0,
    "max": 1.0,
    "mean": 1.0
  },
  "mode_velocity_guidance": 1.0
}