{
  "input": {
    "shape": [
      1,
      3,
      512,
      512
    ],
    "min": 0.0,
    "max": 1.0,
    "mean": 0.6525959968566895
  },
  "edited": {
    "shape": [
      1,
      3,
      512,
      512
    ],
    "min": -1.0846854448318481,
    "max": 1.0780932903289795,
    "mean": 0.2930248975753784
  }
}